If you find this exact original Drug Name value (case-insensitive) in the Collection or Other Data Source…,Convert it to this DrugMarketingName value (Keep it in this case)
Abacavir Sulfate-lamiVUDine,Abacavir Sulfate-Lamivudine
Abacavir-Lamivudine-Zidovudine,Abacavir-Lamivudine-Zidovudine
Acetaminophen-Codeine,Acetaminophen-Codeine
Acetaminophen-Codeine #2,Acetaminophen-Codeine
Acetaminophen-Codeine #3,Acetaminophen-Codeine
Acetaminophen-Codeine #4,Acetaminophen-Codeine
AcetaZOLAMIDE,Acetazolamide
AcetaZOLAMIDE ER,Acetazolamide ER
AcetaZOLAMIDE Sodium,Acetazolamide Sodium
Active FE,Active Fe
Actoplus met XR,Actoplus Met XR
ADC/F (0.5mg/ml),ADC/F (0.5MG/ML)
Alcoh-Glove Contoured Wipe,Alcohol Prep Pads
Alcohol Pads,Alcohol Prep Pads
Alcohol Prep,Alcohol Prep Pads
Alcohol Prep Pad,Alcohol Prep Pads
Alcohol Prep Pads,Alcohol Prep Pads
Alcohol Prep Swabs,Alcohol Prep Pads
Alcohol Preps,Alcohol Prep Pads
Alcohol Swabs,Alcohol Prep Pads
Alcohol Swabstick,Alcohol Prep Pads
Alcohol Wipes,Alcohol Prep Pads
BD Swab Single Use Regular,Alcohol Prep Pads
BD Swabs Single Use Butterfly,Alcohol Prep Pads
CareTouch Alcohol Prep,Alcohol Prep Pads
Curity Alcohol Preps,Alcohol Prep Pads
Curity Alcohol Swabs,Alcohol Prep Pads
CVS Alcohol Prep Pads,Alcohol Prep Pads
CVS Alcohol Prep Swabs,Alcohol Prep Pads
CVS Alcohol Swabs,Alcohol Prep Pads
CVS Isopropyl Alcohol Wipes,Alcohol Prep Pads
CVS Prep,Alcohol Prep Pads
Easy Touch Alcohol Prep Medium,Alcohol Prep Pads
EQL Alcohol Swabs,Alcohol Prep Pads
"Essentra Wipes 9x9""",Alcohol Prep Pads
Fifty50 Alcohol Prep,Alcohol Prep Pads
Global Alcohol Prep Ease,Alcohol Prep Pads
GNP Alcohol Swabs,Alcohol Prep Pads
GNP Isopropyl Alcohol Wipes,Alcohol Prep Pads
H-E-B inControl Alcohol,Alcohol Prep Pads
HealthWise Alcohol Prep,Alcohol Prep Pads
HM Sterile Alcohol Prep,Alcohol Prep Pads
inControl Alcohol,Alcohol Prep Pads
Isopropyl Alcohol Wipes,Alcohol Prep Pads
Meijer Alcohol Swabs,Alcohol Prep Pads
Pharmacist Choice Alcohol,Alcohol Prep Pads
Pro Comfort Alcohol,Alcohol Prep Pads
Pure Comfort Alcohol Prep,Alcohol Prep Pads
QC Alcohol Swabs,Alcohol Prep Pads
RA Alcohol Swabs,Alcohol Prep Pads
RA Isopropyl Alcohol Wipes,Alcohol Prep Pads
Reality Swabs,Alcohol Prep Pads
ReliOn Alcohol Swabs,Alcohol Prep Pads
SAPS care Alcohol Prep,Alcohol Prep Pads
SAPS health Alcohol Prep,Alcohol Prep Pads
SAPS Health Care Alcohol Prep,Alcohol Prep Pads
SB Alcohol Prep,Alcohol Prep Pads
Shopko Alcohol Swabs,Alcohol Prep Pads
SM Alcohol Prep,Alcohol Prep Pads
Sure Comfort Alcohol Prep,Alcohol Prep Pads
Sure-Prep Alcohol Prep,Alcohol Prep Pads
TGT Alcohol Swabs,Alcohol Prep Pads
True Comfort Alcohol Prep Pads,Alcohol Prep Pads
UltiCare Alcohol Swabs,Alcohol Prep Pads
Ultilet Alcohol Swabs,Alcohol Prep Pads
Ultra-Care Alcohol Prep Pads,Alcohol Prep Pads
V-R Alcohol Prep,Alcohol Prep Pads
Webcol Alcohol Prep Large,Alcohol Prep Pads
Webcol Alcohol Prep Medium,Alcohol Prep Pads
Alogliptin-Metformin HCl,Alogliptin-Metformin HCl
ALPRAZolam,Alprazolam
ALPRAZolam ER,Alprazolam ER
ALPRAZolam Intensol,Alprazolam Intensol
ALPRAZolam XR,Alprazolam XR
AMBItussin AC,Ambitussin AC
AMILoride HCl,Amiloride HCl
Amiloride-Hydrochlorothiazide,Amiloride-Hydrochlorothiazide
AmLODIPine Bes+SyrSpend SF,Amlodipine Bes+SyrSpend SF
AmLODIPine Besylate,Amlodipine Besylate
amLODIPine Besy-Benazepril HCl,Amlodipine-Benazepril
Amlodipine Besylate-Valsartan,Amlodipine-Valsartan
Amoxicill-Clarithro-Lansopraz,Amoxicillin-Clarithromycin-Lansoprazole
Amoxicillin-Pot Clavulanate,Amoxicillin-Potassium Clavulanate
Amoxicillin-Pot Clavulanate ER,Amoxicillin-Potassium Clavulanate ER
Amphetamine-Dextroamphet ER,Amphetamine-Dextroamphetamine ER
Amphetamine-Dextroamphetamine,Amphetamine-Dextroamphetamine ER
ARIPiprazole,Aripiprazole
AVINza,Avinza
AzaCITIDine,Azacitidine
AzaSite,Azasite
AzaTHIOprine,Azathioprine
AzaTHIOprine Sodium,Azathioprine Sodium
Azulfidine EN-tabs,Azulfidine EN-tabs
Bactroban Nasal,Bactroban
Benazepril-Hydrochlorothiazide,Benazepril-Hydrochlorothiazide
Benzoyl Perox-Hydrocortisone,Benzoyl Peroxide-Hydrocortisone
Betamethasone Sod Phos & Acet,Betamethasone Sodium Phosphate & Acetate
Bisoprolol-Hydrochlorothiazide,Bisoprolol-Hydrochlorothiazide
Bivigam,BIVIGAM
Blisovi FE 1/20,Blisovi Fe 1/20
Briviact,BRIVIACT
BuPROPion HCl,Bupropion HCl
BuPROPion HCl ER (Smoking Det),Bupropion HCl ER (Smoking Deterrent)
BuPROPion HCl ER (SR),Bupropion HCl ER (SR)
buPROPion HCl ER (XL),Bupropion HCl ER (XL)
BusPIRone HCl,Buspirone HCl
Butalbital Compound/ASA,Butalbital Compound/Aspirin
Butalbital-APAP,Butalbital-Acetaminophen
Butalbital-APAP-Caffeine,Butalbital-Acetaminophen-Caffeine
Butalbital-APAP-Caff-Cod,Butalbital-Acetaminophen-Caffeine-Codeine
Butalbital-ASA-Caffeine,Butalbital-Aspirin-Caffeine
Butalbital-ASA-Caff-Codeine,Butalbital-Aspirin-Caffeine-Codeine
Byetta 10 MCG Pen,Byetta 10MCG Pen
Byetta 5 MCG Pen,Byetta 5MCG Pen
Calcipotriene-Betameth Diprop,Calcipotriene-Betamethasone
Calcium Acetate (Phos Binder),Calcium Acetate (Phosphate Binder)
Captopril-hydroCHLOROthiazide,Captopril-Hydrochlorothiazide
carBAMazepine,Carbamazepine
CarBAMazepine ER,Carbamazepine ER
CARBOplatin,Carboplatin
CeFAZolin in D5W,Cefazolin in D5W
CeFAZolin in Sodium Chloride,Cefazolin in Sodium Chloride
CeFAZolin Sodium,Cefazolin Sodium
CeFAZolin Sodium-Dextrose,Cefazolin Sodium-Dextrose
ceFAZolin Sodium-NaCl,Cefazolin Sodium-NaCl
cefoTEtan Disodium,Cefotetan Disodium
CefoTEtan Disodium-Dextrose,Cefotetan Disodium-Dextrose
CefOXitin Sodium,Cefoxitin Sodium
CefOXitin Sodium-Dextrose,Cefoxitin Sodium-Dextrose
CefTAZidime,Ceftazidime
CefTAZidime and Dextrose,Ceftazidime and Dextrose
CefTAZidime with Sod Carbonate,Ceftazidime with Sod Carbonate
CefTRIAXone Sodium,Ceftriaxone Sodium
CefTRIAXone Sodium in Dextrose,Ceftriaxone Sodium in Dextrose
CefTRIAXone Sodium-Dextrose,Ceftriaxone Sodium-Dextrose
CeleBREX,Celebrex
CeleXA,Celexa
CellCept,Cellcept
CellCept Intravenous,Cellcept Intravenous
ChlordiazePOXIDE HCl,Chlordiazepoxide HCl
ChlorproMAZINE HCl,Chlorpromazine HCl
chlorproPAMIDE,Chlorpropamide
Ciprofloxacin-Ciproflox HCl,Ciprofloxacin HCl ER
Ciprofloxacin-Ciproflox HCl ER,Ciprofloxacin HCl ER
CISplatin,Cisplatin
Clindamycin Phos-Benzoyl Perox,Clindamycin Phosphate-Benzoyl Peroxide
CloBAZam,Clobazam
Clobetasol Prop Emollient Base,Clobetasol Propionate Emollient Base
ClomiPHENE Citrate,Clomiphene Citrate
ClomiPRAMINE HCl,Clomipramine HCl
ClonazePAM,Clonazepam
CloNIDine,Clonidine
CloNIDine HCl,Clonidine HCl
CloNIDine HCl (Analgesia),Clonidine HCl (Analgesia)
cloNIDine HCl ER,Clonidine HCl ER
CloZAPine,Clozapine
Cometriq (100 mg Daily Dose),Cometriq (100MG Daily Dose)
Cometriq (140 mg Daily Dose),Cometriq (140MG Daily Dose)
Cometriq (60 mg Daily Dose),Cometriq (60MG Daily Dose)
CycloSERINE,Cycloserine
CycloSPORINE,Cyclosporine
CycloSPORINE A,Cyclosporine A
CycloSPORINE Modified,Cyclosporine Modified
DACTINomycin,Dactinomycin
DAPTOmycin,Daptomycin
Daraprim,DARAPRIM
DAUNOrubicin HCl,Daunorubicin HCl
Depo-Medrol,Depo-Medrol
Depo-Medrol (PF),Depo-Medrol (PF)
Desmopressin Ace Spray Refrig,Desmopressin Acetate Spray
Dexamethasone Sod Phos in D5W,Dexamethasone Sodium Phosphate in D5W
Dexamethasone Sod Phos-NaCl,Dexamethasone Sodium Phosphate-NaCl
DiazePAM,Diazepam
Diazepam Intensol,Diazepam Intensol
Dilantin Infatabs,Dilantin INFATABS
Diltiazem HCl Coated Beads,Diltiazem HCl ER Coated Beads
DilTIAZem HCl ER Coated Beads,Diltiazem HCl ER Coated Beads
dilTIAZem HCl-Dextrose,Diltiazem HCl-Dextrose
DilTIAZem HCl-Sodium Chloride,Diltiazem HCl-Sodium Chloride
DimenhyDRINATE,Dimenhydrinate
DiphenhydrAMINE Cough,Diphenhydramine Cough
DiphenhydrAMINE HCl,Diphenhydramine HCl
DiphenhydrAMINE HCl (Sleep),Diphenhydramine HCl (Sleep)
DOBUTamine HCl,Dobutamine HCl
DOBUTamine in D5W,Dobutamine in D5W
DOCEtaxel,Docetaxel
DOCEtaxel (Non-Alcohol),Docetaxel (Non-Alcohol)
DOPamine HCl,Dopamine HCl
DOPamine in D5W,Dopamine in D5W
Dorzolamide HCl-Timolol Mal,Dorzolamide HCl-Timolol Maleate
Dorzolamide HCl-Timolol Mal PF,Dorzolamide HCl-Timolol Maleate Preservative Free
DOXOrubicin HCl,Doxorubicin HCl
DOXOrubicin HCl Liposomal,Doxorubicin HCl Liposomal
Drospiren-Eth Estrad-Levomefol,Drospirenone-Ethinyl Estradiol-Levomefolate
DULoxetine HCl,Duloxetine HCl
Dutoprol,DUTOPROL
Enalapril-Hydrochlorothiazide,Enalapril-Hydrochlorothiazide
ePHEDrine HCl,Ephedrine HCl
ePHEDrine Sulfate,Ephedrine Sulfate (PF)
ePHEDrine Sulfate (PF),Ephedrine Sulfate (PF)
ePHEDrine Sulfate-NaCl,ephedrine Sulfate-NaCl
ePHEDrine Sulfate-NaCl (PF),ephedrine Sulfate-NaCl
ePHEDrine Sulfate-NaCl PF,ephedrine Sulfate-NaCl
EPINEPHrine,Epinephrine
EPINEPHrine Base,Epinephrine Base
EPINEPHrine Bitartrate,Epinephrine Bitartrate
EPINEPHrine HCl,Epinephrine HCl
EPINEPHrine HCl PF,Epinephrine HCl PF
EPINEPHrine HCl-NaCl,Epinephrine HCl-NaCl (PF)
EPINEPHrine HCl-NaCl (PF),Epinephrine HCl-NaCl (PF)
EPINEPHrine PF,Epinephrine PF
Ethynodiol Diac-Eth Estradiol,Ethynodiol Diacetate-Ethinyl Estradiol
fentaNYL,Fentanyl
FentaNYL Citrate,Fentanyl Citrate
FentaNYL Citrate (PF),Fentanyl Citrate (PF)
fentaNYL Citrate-NaCl,Fentanyl Citrate-NaCl
FentaNYL Citrate-NaCl (PF),Fentanyl Citrate-NaCl
FlavoxATE HCl,Flavoxate HCl
FLUoxetine HCl,Fluoxetine HCl
FLUoxetine HCl (PMDD),Fluoxetine HCl (PMDD)
FluPHENAZine Decanoate,Fluphenazine Decanoate
fluPHENAZine HCl,Fluphenazine HCl
FluvoxaMINE Maleate,Fluvoxamine Maleate
FluvoxaMINE Maleate ER,Fluvoxamine Maleate ER
Band-Aid Gauze Small,Gauze (Non-medicated 2X2 Pad)
CVS Gauze Sterile,Gauze (Non-medicated 2X2 Pad)
EQL Gauze,Gauze (Non-medicated 2X2 Pad)
Gauze Type VII Medi-Pak,Gauze (Non-medicated 2X2 Pad)
Lisco Sponge,Gauze (Non-medicated 2X2 Pad)
QC Border Island Gauze,Gauze (Non-medicated 2X2 Pad)
QC Sterile Pads,Gauze (Non-medicated 2X2 Pad)
RA Sterile,Gauze (Non-medicated 2X2 Pad)
SM Gauze,Gauze (Non-medicated 2X2 Pad)
SM Sterile,Gauze (Non-medicated 2X2 Pad)
Sterile Gauze,Gauze (Non-medicated 2X2 Pad)
Surgical Gauze Sponge,Gauze (Non-medicated 2X2 Pad)
Generess FE,Generess Fe
Gildess 24 FE,Gildess 24 Fe
Gildess FE 1.5/30,Gildess Fe 1.5/30
Gildess FE 1/20,Gildess Fe 1/20
GlipiZIDE,Glipizide
glipiZIDE ER,Glipizide ER
GlipiZIDE XL,Glipizide XL
GlipiZIDE-MetFORMIN HCl,Glipizide-Metformin HCl
GlyBURIDE,Glyburide
GlyBURIDE Micronized,Glyburide Micronized
GlyBURIDE-MetFORMIN,Glyburide-Metformin
Golytely,GoLYTELY
Gris-PEG,GRIS-PEG
GuaiFENesin,Guaifenesin
GuaiFENesin AC,Guaifenesin AC
GuaiFENesin CR,Guaifenesin CR
GuaiFENesin DAC,Guaifenesin DAC
GuaiFENesin DM,Guaifenesin DM
GuaiFENesin DM NR,Guaifenesin DM NR
GuaiFENesin ER,Guaifenesin ER
GuaiFENesin NR,Guaifenesin NR
GuanFACINE HCl,Guanfacine HCl
GuanFACINE HCl ER,Guanfacine HCl ER
Hepatamine,HepatAmine
HumaLOG,Humalog
HumaLOG Junior KwikPen,Humalog Junior KwikPen
HumaLOG KwikPen,Humalog KwikPen
HumaLOG Mix 50/50,Humalog Mix 50/50
HumaLOG Mix 50/50 KwikPen,Humalog Mix 50/50 KwikPen
HumaLOG Mix 50/50 Pen,Humalog Mix 50/50 Pen
HumaLOG Mix 75/25,Humalog Mix 75/25
HumaLOG Mix 75/25 KwikPen,Humalog Mix 75/25 KwikPen
HumaLOG Mix 75/25 Pen,Humalog Mix 75/25 Pen
HumaLOG Pen,Humalog Pen
HumatroPen for 12mg,HumatroPen for 12MG
HumatroPen for 24mg,HumatroPen for 24MG
HumatroPen for 6mg,HumatroPen for 6MG
HumuLIN 50/50,Humulin 50/50
HumuLIN 70/30,Humulin 70/30
HumuLIN 70/30 KwikPen,Humulin 70/30 KwikPen
HumuLIN 70/30 Pen,Humulin 70/30 Pen
HumuLIN N,Humulin N
HumuLIN N KwikPen,Humulin N KwikPen
HumuLIN N Pen,Humulin N Pen
HumuLIN R,Humulin R
HumuLIN R U-500 (CONCENTRATED),Humulin R U-500 (Concentrated)
HumuLIN R U-500 KwikPen,Humulin R U-500 KwikPen
HydrALAZINE HCl,Hydralazine HCl
Hydralazine-HCTZ,Hydralazine-HCTZ
HydroCHLOROthiazide,Hydrochlorothiazide
HYDROcodone Bitartrate,Hydrocodone Bitartrate
Hydrocodone-Acetaminophen,Hydrocodone-Acetaminophen
Hydrocodone/Acetaminophen,Hydrocodone-Acetaminophen
HYDROcodone-guaiFENesin,Hydrocodone-Guaifenesin
Hydrocodone-Homatropine,Hydrocodone-Homatropine
Hydrocodone-Ibuprofen,Hydrocodone-Ibuprofen
Hydrocortisone Ace-Pramoxine,Hydrocortisone Acetate-Pramoxine
HYDROmorphone HCl,Hydromorphone HCl
HYDROmorphone HCl ER,Hydromorphone HCl ER
HYDROmorphone HCl PF,Hydromorphone HCl PF
HYDROmorphone HCl-NaCl,Hydromorphone HCl-NaCl
HYDROmorphone-Bupivacaine-NaCl,Hydromorphone-Bupivacaine-NaCl
HYDROmorphone-Ropivacaine-NaCl,Hydromorphone-Ropivacaine-NaCl
HYDROXYprogesterone Caproate,Hydroxyprogesterone Caproate
HydrOXYzine HCl,Hydroxyzine HCl
HydrOXYzine Pamoate,Hydroxyzine Pamoate
IBU,Ibu
IDArubicin HCl,Idarubicin HCl
Ilaris,Ilaris (150MG Delivered)
Ilaris (150mg Delivered),Ilaris (150MG Delivered)
1st Choice Pen Needles,"Insulin Syringes, Needles"
1st Tier Unifine Pentips,"Insulin Syringes, Needles"
1st Tier Unifine Pentips Plus,"Insulin Syringes, Needles"
Accusure Insulin Syringe,"Insulin Syringes, Needles"
Advocate Insulin Pen Needles,"Insulin Syringes, Needles"
Advocate Insulin Syringe,"Insulin Syringes, Needles"
Anti-Stick Insulin Syringe,"Insulin Syringes, Needles"
Assure ID Insulin Safety Syr,"Insulin Syringes, Needles"
Aurora Pen Needles,"Insulin Syringes, Needles"
Aurora Unifine Pentips,"Insulin Syringes, Needles"
BD AutoShield,"Insulin Syringes, Needles"
BD AutoShield Duo,"Insulin Syringes, Needles"
BD Insulin Syr Ultrafine II,"Insulin Syringes, Needles"
BD Insulin Syringe,"Insulin Syringes, Needles"
BD Insulin Syringe Half-Unit,"Insulin Syringes, Needles"
BD Insulin Syringe MicroFine,"Insulin Syringes, Needles"
BD Insulin Syringe U-40,"Insulin Syringes, Needles"
BD Insulin Syringe U-500,"Insulin Syringes, Needles"
BD Insulin Syringe Ultrafine,"Insulin Syringes, Needles"
BD Integra Insulin Syringe,"Insulin Syringes, Needles"
BD Integra Syringe,"Insulin Syringes, Needles"
BD Pen Needle Micro U/F,"Insulin Syringes, Needles"
BD Pen Needle Mini U/F,"Insulin Syringes, Needles"
BD Pen Needle Nano U/F,"Insulin Syringes, Needles"
BD Pen Needle Original U/F,"Insulin Syringes, Needles"
BD Pen Needle Short U/F,"Insulin Syringes, Needles"
BD Pen Needle Ultrafine,"Insulin Syringes, Needles"
BD Safety-Lok Insulin Syringe,"Insulin Syringes, Needles"
BD SafetyGlide Insulin Syringe,"Insulin Syringes, Needles"
BD Ultra-Fine Micro Pen Needle,"Insulin Syringes, Needles"
BL Insulin Syringe,"Insulin Syringes, Needles"
CareFine Pen Needles,"Insulin Syringes, Needles"
CareOne Insulin Syringe,"Insulin Syringes, Needles"
CareOne UltiGuard Insulin Syr,"Insulin Syringes, Needles"
CareOne Unifine Pentips,"Insulin Syringes, Needles"
CareOne Unifine Pentips Plus,"Insulin Syringes, Needles"
CareTouch Pen Needles,"Insulin Syringes, Needles"
Clever Choice Comfort EZ,"Insulin Syringes, Needles"
Clickfine Pen Needles,"Insulin Syringes, Needles"
Comfort Assist Insulin Syringe,"Insulin Syringes, Needles"
Comfort EZ Insulin Syringe,"Insulin Syringes, Needles"
Comfort EZ Pen Needles,"Insulin Syringes, Needles"
CVS Insulin Syringe,"Insulin Syringes, Needles"
D&K Insulin Syringe,"Insulin Syringes, Needles"
Droplet Pen Needles,"Insulin Syringes, Needles"
Drug Mart Unifine Pentips,"Insulin Syringes, Needles"
Drug Mart Unifine Pentips Plus,"Insulin Syringes, Needles"
Easy Comfort Insulin Syringe,"Insulin Syringes, Needles"
Easy Comfort Pen Needles,"Insulin Syringes, Needles"
Easy Touch FlipLock Insulin Sy,"Insulin Syringes, Needles"
Easy Touch Insulin Safety Syr,"Insulin Syringes, Needles"
Easy Touch Insulin Syringe,"Insulin Syringes, Needles"
Easy Touch Pen Needles,"Insulin Syringes, Needles"
Easy Touch SheathLock Syringe,"Insulin Syringes, Needles"
Elite-Thin Insulin Syringe,"Insulin Syringes, Needles"
EQL Insulin Syringe,"Insulin Syringes, Needles"
EQL Short Pen Needle,"Insulin Syringes, Needles"
EQL Ultra Comfort Insulin Syr,"Insulin Syringes, Needles"
EQL Ultra Short Pen Needle,"Insulin Syringes, Needles"
Excel Comfort Point Pen Needle,"Insulin Syringes, Needles"
Exel Comfort Point Insulin Syr,"Insulin Syringes, Needles"
Exel Comfort Point Pen Needle,"Insulin Syringes, Needles"
Exel Insulin Syringe,"Insulin Syringes, Needles"
"Exel Pen Needles 1/2""","Insulin Syringes, Needles"
"Exel Pen Needles 1/3""","Insulin Syringes, Needles"
"Exel Pen Needles 1/4""","Insulin Syringes, Needles"
Fifty50 Pen Needles,"Insulin Syringes, Needles"
Fifty50 Superior Comfort Syr,"Insulin Syringes, Needles"
First Choice Insulin Syringe,"Insulin Syringes, Needles"
FP Insulin Syringe,"Insulin Syringes, Needles"
Freds Pharmacy Unifine Pentip+,"Insulin Syringes, Needles"
Freds Pharmacy Unifine Pentips,"Insulin Syringes, Needles"
FreeStyle Precision Ins Syr,"Insulin Syringes, Needles"
Gentle Touch Insulin Syringe,"Insulin Syringes, Needles"
Global Ease Inject Pen Needles,"Insulin Syringes, Needles"
Global Easy Glide Insulin Syr,"Insulin Syringes, Needles"
Global Easy Glide Pen Needles,"Insulin Syringes, Needles"
Global Inject Ease Insulin Syr,"Insulin Syringes, Needles"
Global Insulin Syringes,"Insulin Syringes, Needles"
GlucoPro Insulin Syringe,"Insulin Syringes, Needles"
GNP Clickfine Pen Needles,"Insulin Syringes, Needles"
GNP Insulin Syringe,"Insulin Syringes, Needles"
GNP Ultra Com Insulin Syringe,"Insulin Syringes, Needles"
H-E-B inControl Pen Needles,"Insulin Syringes, Needles"
H-E-B inControl Unifine Pentip,"Insulin Syringes, Needles"
HealthWise Mini Pen Needles,"Insulin Syringes, Needles"
HealthWise Pen Needles,"Insulin Syringes, Needles"
HealthWise Short Pen Needles,"Insulin Syringes, Needles"
HealthWise Unifine Pentips,"Insulin Syringes, Needles"
Healthy Accents Unifine Pentip,"Insulin Syringes, Needles"
Hy-Vee Insulin Syringe,"Insulin Syringes, Needles"
Insulin Syringe,"Insulin Syringes, Needles"
Insulin Syringe-Needle U-100,"Insulin Syringes, Needles"
Insulin Syringe/Needle,"Insulin Syringes, Needles"
Insupen Pen Needles,"Insulin Syringes, Needles"
Insupen Sensitive,"Insulin Syringes, Needles"
Insupen Ultrafin,"Insulin Syringes, Needles"
Kinray Insulin Syringe,"Insulin Syringes, Needles"
Kmart Valu Insulin Syringe 29G,"Insulin Syringes, Needles"
Kmart Valu Insulin Syringe 30G,"Insulin Syringes, Needles"
Kroger Insulin Syringe,"Insulin Syringes, Needles"
Kroger Pen Needles,"Insulin Syringes, Needles"
Leader Insulin Syringe,"Insulin Syringes, Needles"
Leader Unifine Pentips,"Insulin Syringes, Needles"
Leader Unifine Pentips Plus,"Insulin Syringes, Needles"
Lite Touch Insulin Syringe,"Insulin Syringes, Needles"
Lite Touch Pen Needles,"Insulin Syringes, Needles"
Litetouch Insulin Syringe,"Insulin Syringes, Needles"
Litetouch Pen Needles,"Insulin Syringes, Needles"
Live Better Pen Needles,"Insulin Syringes, Needles"
Longs Insulin Syringe,"Insulin Syringes, Needles"
Magellan Insulin Safety Syr,"Insulin Syringes, Needles"
Marathon Medical Pentips,"Insulin Syringes, Needles"
Maxi-Comfort Insulin Syringe,"Insulin Syringes, Needles"
Medic Insulin Syringe,"Insulin Syringes, Needles"
Medicine Shoppe Pen Needles,"Insulin Syringes, Needles"
Meijer Pen Needles,"Insulin Syringes, Needles"
MM Insulin Syringe/Needle,"Insulin Syringes, Needles"
MM Pen Needles,"Insulin Syringes, Needles"
Monoject Insulin Syringe,"Insulin Syringes, Needles"
Monoject Ultra Comfort Syringe,"Insulin Syringes, Needles"
Moore Mono Insulin Syringe,"Insulin Syringes, Needles"
MS Insulin Syringe,"Insulin Syringes, Needles"
Needle-Free Insulin Syringe A,"Insulin Syringes, Needles"
Needle-Free Insulin Syringe B,"Insulin Syringes, Needles"
Needle-Free Insulin Syringe C,"Insulin Syringes, Needles"
NovoFine,"Insulin Syringes, Needles"
NovoFine Autocover,"Insulin Syringes, Needles"
NovoFine Plus,"Insulin Syringes, Needles"
NovoTwist,"Insulin Syringes, Needles"
Orsini Insulin Syringe,"Insulin Syringes, Needles"
PC Unifine Pentips,"Insulin Syringes, Needles"
Pen Needles,"Insulin Syringes, Needles"
"Pen Needles 1/2""","Insulin Syringes, Needles"
"Pen Needles 3/16""","Insulin Syringes, Needles"
"Pen Needles 5/16""","Insulin Syringes, Needles"
PenTips,"Insulin Syringes, Needles"
Precision Sure-Dose Syringe,"Insulin Syringes, Needles"
Precision SureDose Plus Syr,"Insulin Syringes, Needles"
Preferred Plus Insulin Syringe,"Insulin Syringes, Needles"
Preferred Plus Unifine Pentips,"Insulin Syringes, Needles"
Pro Comfort Pen Needles,"Insulin Syringes, Needles"
Prodigy Insulin Pen Needles,"Insulin Syringes, Needles"
Prodigy Insulin Syringe,"Insulin Syringes, Needles"
Prodigy Mini Pen Needles,"Insulin Syringes, Needles"
Prodigy Short Pen Needles,"Insulin Syringes, Needles"
PX Extra Short Pen Needles,"Insulin Syringes, Needles"
PX Insulin Syringe,"Insulin Syringes, Needles"
PX Mini Pen Needles,"Insulin Syringes, Needles"
PX Pen Needle,"Insulin Syringes, Needles"
PX Shortlength Pen Needles,"Insulin Syringes, Needles"
QC Insulin Syringe,"Insulin Syringes, Needles"
QC Pen Needles,"Insulin Syringes, Needles"
QC Unifine Pentips,"Insulin Syringes, Needles"
RA Insulin Syringe,"Insulin Syringes, Needles"
RA Pen Needles,"Insulin Syringes, Needles"
Reality Insulin Syringe,"Insulin Syringes, Needles"
Reli-On Insulin Syringe,"Insulin Syringes, Needles"
ReliOn Insulin Syringe,"Insulin Syringes, Needles"
ReliOn Mini Pen Needles,"Insulin Syringes, Needles"
ReliOn Pen Needles,"Insulin Syringes, Needles"
ReliOn Short Pen Needles,"Insulin Syringes, Needles"
SafeSnap Insulin Syringe,"Insulin Syringes, Needles"
Safety Insulin Syringes,"Insulin Syringes, Needles"
Safety-Glide Syringe,"Insulin Syringes, Needles"
SB Insulin Syringe,"Insulin Syringes, Needles"
Schnucks Insulin Syringe,"Insulin Syringes, Needles"
Shopko Unifine Pentips,"Insulin Syringes, Needles"
Shopko Unifine Pentips Plus,"Insulin Syringes, Needles"
SM Insulin Syringe,"Insulin Syringes, Needles"
Sure Comfort Insulin Syringe,"Insulin Syringes, Needles"
Sure Comfort Pen Needles,"Insulin Syringes, Needles"
Sure-Fine Pen Needles,"Insulin Syringes, Needles"
Sure-Ject Insulin Syringe,"Insulin Syringes, Needles"
TechLITE Insulin Syringe,"Insulin Syringes, Needles"
TechLite Pen Needles,"Insulin Syringes, Needles"
Terumo Insulin Syringe,"Insulin Syringes, Needles"
Terumo SurGuard Insulin Syr,"Insulin Syringes, Needles"
Thinpro Insulin Syringe,"Insulin Syringes, Needles"
Todays Health Mini Pen Needles,"Insulin Syringes, Needles"
Todays Health Pen Needles,"Insulin Syringes, Needles"
Todays Health Short Pen Needle,"Insulin Syringes, Needles"
TopCare Clickfine Pen Needles,"Insulin Syringes, Needles"
TopCare Ultra Comfort Ins Syr,"Insulin Syringes, Needles"
Topco Insulin Syringe,"Insulin Syringes, Needles"
TRUEplus Insulin Syringe,"Insulin Syringes, Needles"
TRUEplus Pen Needles,"Insulin Syringes, Needles"
UltiCare Insulin Safety Syr,"Insulin Syringes, Needles"
UltiCare Insulin Syringe,"Insulin Syringes, Needles"
UltiCare Micro Pen Needles,"Insulin Syringes, Needles"
UltiCare Mini Pen Needles,"Insulin Syringes, Needles"
UltiCare Pen Needles,"Insulin Syringes, Needles"
UltiCare Short Pen Needles,"Insulin Syringes, Needles"
UltiGuard Insulin Syringe,"Insulin Syringes, Needles"
Ultilet Insulin Syringe,"Insulin Syringes, Needles"
Ultilet Insulin Syringe Short,"Insulin Syringes, Needles"
Ultilet Pen Needle,"Insulin Syringes, Needles"
Ultra Comfort Insulin Syringe,"Insulin Syringes, Needles"
Ultra Insulin Syringe,"Insulin Syringes, Needles"
Ultra-Comfort Insulin Syringe,"Insulin Syringes, Needles"
Ultra-Thin II Ins Syr Short,"Insulin Syringes, Needles"
Ultra-Thin II Insulin Syringe,"Insulin Syringes, Needles"
Ultra-Thin II Mini Pen Needle,"Insulin Syringes, Needles"
Ultra-Thin II Pen Needle Short,"Insulin Syringes, Needles"
Ultra-Thin II Pen Needles,"Insulin Syringes, Needles"
Unifine Pentips,"Insulin Syringes, Needles"
Unifine Pentips Plus,"Insulin Syringes, Needles"
V-R Mono Insulin Syringe,"Insulin Syringes, Needles"
Value Health Insulin Syringe,"Insulin Syringes, Needles"
ValuMark Pen Needles,"Insulin Syringes, Needles"
VanishPoint Insulin Syringe,"Insulin Syringes, Needles"
Vida Mia Unifine Pentips,"Insulin Syringes, Needles"
VP Insulin Syringe,"Insulin Syringes, Needles"
WD Medic Insulin Syringe,"Insulin Syringes, Needles"
Wegmans Unifine Pentips Plus,"Insulin Syringes, Needles"
INVanz,Invanz
Ipol,IPOL
Irbesartan-Hydrochlorothiazide,Irbesartan-Hydrochlorothiazide
ISOtretinoin,Isotretinoin
Junel FE 1.5/30,Junel Fe 1.5/30
Junel FE 1/20,Junel Fe 1/20
KlonoPIN,Klonopin
KlonoPIN Wafer,Klonopin Wafer
KP DiphenhydrAMINE HCl,KP Diphenhydramine HCl
LaMICtal,Lamictal
LaMICtal ODT,Lamictal ODT
LaMICtal Starter,Lamictal Starter
LaMICtal XR,Lamictal XR
LamISIL,Lamisil
LamISIL Advanced,Lamisil Advanced
LamISIL AF Defense,Lamisil AF Defense
LamISIL AT,Lamisil AT
LamISIL AT Athletes Foot,Lamisil AT Athletes Foot
LamISIL AT Jock Itch,Lamisil AT Jock Itch
LamISIL AT Spray,Lamisil AT Spray
LamISIL Spray,Lamisil Spray
LamiVUDine,Lamivudine
Lamivudine-Zidovudine,Lamivudine-Zidovudine
LamoTRIgine,Lamotrigine
LamoTRIgine ER,Lamotrigine ER
LamoTRIgine ODT,Lamotrigine ODT
lamoTRIgine Starter Kit-Blue,Lamotrigine Starter Kit-Blue
lamoTRIgine Starter Kit-Green,Lamotrigine Starter Kit-Green
lamoTRIgine Starter Kit-Orange,Lamotrigine Starter Kit-Orange
Larin 1.5/30,LARIN 1.5/30
Larin 1/20,LARIN 1/20
Larin 24 FE,LARIN 24 Fe
Larin Fe 1.5/30,LARIN Fe 1.5/30
Larin Fe 1/20,LARIN Fe 1/20
Layolis FE,Layolis Fe
Lenvima (10 MG Daily Dose),Lenvima 10MG Daily Dose
Lenvima 10 MG Daily Dose,Lenvima 10MG Daily Dose
Lenvima (12 MG Daily Dose),Lenvima 12MG Daily Dose
Lenvima 12 MG Daily Dose,Lenvima 12MG Daily Dose
Lenvima (14 MG Daily Dose),Lenvima 14MG Daily Dose
Lenvima 14 MG Daily Dose,Lenvima 14MG Daily Dose
Lenvima (18 MG Daily Dose),Lenvima 18MG Daily Dose
Lenvima 18 MG Daily Dose,Lenvima 18MG Daily Dose
Lenvima 18mg Daily Dose,Lenvima 18MG Daily Dose
Lenvima (20 MG Daily Dose),Lenvima 20MG Daily Dose
Lenvima 20 MG Daily Dose,Lenvima 20MG Daily Dose
Lenvima (24 MG Daily Dose),Lenvima 24MG Daily Dose
Lenvima 24 MG Daily Dose,Lenvima 24MG Daily Dose
Lenvima (4 MG Daily Dose),Lenvima 4MG Daily Dose
Lenvima 4 MG Daily Dose,Lenvima 4MG Daily Dose
Lenvima (8 MG Daily Dose),Lenvima 8MG Daily Dose
Lenvima 8 MG Daily Dose,Lenvima 8MG Daily Dose
Lenvima 8mg Daily Dose,Lenvima 8MG Daily Dose
LevETIRAcetam,Levetiracetam
LevETIRAcetam ER,Levetiracetam ER
LevETIRAcetam in NaCl,Levetiracetam in NaCl
LevOCARNitine,Levocarnitine
LevOCARNitine (Dietary),Levocarnitine (Dietary)
LevOCARNitine Fumarate,Levocarnitine Fumarate
levOCARNitine L-Tartrate,Levocarnitine L-Tartrate
LevoFLOXacin,Levofloxacin
LevoFLOXacin in D5W,Levofloxacin in D5W
Levonorg-Eth Estrad Triphasic,Levonorgestrel-Ethinyl Estradiol
Levonorgestrel-Ethinyl Estrad,Levonorgestrel-Ethinyl Estradiol
Levonorgest-Eth Est & Eth Est,Levonorgestrel-Ethinyl Estradiol & Ethinyl Estradiol
Levonorgest-Eth Estrad 91-Day,Levonorgestrel-Ethinyl Estradiol 91-Day
Liletta,Liletta (52MG)
Liletta (52 MG),Liletta (52MG)
Lisinopril-hydroCHLOROthiazide,Lisinopril-Hydrochlorothiazide
Lomedia 24 FE,Lomedia 24 Fe
LORazepam,Lorazepam
LORazepam Intensol,Lorazepam Intensol
LORazepam-Dextrose,Lorazepam-Dextrose
LORazepam-Sodium Chloride,Lorazepam-Sodium Chloride
MedroxyPROGESTERone Ace Micro,Medroxyprogesterone Ace Micro
Medroxyprogesterone Ace-Lido,Medroxyprogesterone Ace-Lido
MedroxyPROGESTERone Acetate,Medroxyprogesterone Acetate
MedroxyPROGESTERone Micronized,Medroxyprogesterone Micronized
MetFORMIN HCl,Metformin HCl
metFORMIN HCl ER,Metformin HCl ER
MetFORMIN HCl ER (MOD),Metformin HCl ER (MOD)
MetFORMIN HCl ER (OSM),Metformin HCl ER (OSM)
MethIMAzole,Methimazole
Methyldopa-Hydrochlorothiazide,Methyldopa-Hydrochlorothiazide
MethylPREDNISolone,Methylprednisolone
MethylPREDNISolone (Pak),Methylprednisolone (Pak)
Methylprednisolone Ace-Lido,Methylprednisolone Ace-Lido
MethylPREDNISolone Acetate,Methylprednisolone Acetate
MethylPREDNISolone Acetate PF,Methylprednisolone Acetate PF
MethylPREDNISolone Sodium Succ,Methylprednisolone Sodium Succ
Methylprednisolone-Bupivacaine,Methylprednisolone-Bupivacaine
MethylTESTOSTERone,Methyltestosterone
Metoprolol-Hydrochlorothiazide,Metoprolol-Hydrochlorothiazide
MetroNIDAZOLE,Metronidazole
MetroNIDAZOLE Benzo+SyrSpend,Metronidazole Benzo+SyrSpend
metroNIDAZOLE Benzoate,Metronidazole Benzoate
metroNIDAZOLE in NaCl,Metronidazole in NaCl
Microgestin FE 1.5/30,Microgestin Fe 1.5/30
Microgestin FE 1/20,Microgestin Fe 1/20
Mirena,Mirena (52MG)
Mirena (52 MG),Mirena (52MG)
MiSOPROStol Dispersion (HPMC),Misoprostol Dispersion (HPMC)
MitoMYcin,Mitomycin
Moexipril-hydroCHLOROthiazide,Moexipril-Hydrochlorothiazide
N-Acetyl-DL-Penicillamine,N-Acetyl-DL-Penicillamine
Neomycin-Bacitracin Zn-Polymyx,Neomycin-Bacitracin-Polymyxin
Neomycin-Polymyxin-Dexameth,Neomycin-Polymyxin-Dexamethasone
NexAVAR,Nexavar
NexIUM,Nexium
NexIUM 24HR,Nexium 24HR
NexIUM 24HR Clear Minis,Nexium 24HR Clear Minis
NexIUM I.V.,Nexium I.V.
NiCARdipine HCl,Nicardipine HCl
niCARdipine HCl in Dextrose,Nicardipine HCl in Dextrose
niCARdipine HCl in NaCl,Nicardipine HCl in NaCl
NIFEdipine,Nifedipine
NIFEdipine ER,Nifedipine ER
NIFEdipine ER Osmotic,Nifedipine ER Osmotic Release
NIFEdipine ER Osmotic Release,Nifedipine ER Osmotic Release
NiMODipine,Nimodipine
Norethindrone Acet-Ethinyl Est,Norethindrone Acetate-Ethinyl Estradiol
Norethindrone-Eth Estradiol,Norethindrone Acetate-Ethinyl Estradiol
Norethin Ace-Eth Estrad-FE,Norethindrone Acetate-Ethinyl Estradiol-Fe
Norethin-Eth Estradiol-Fe,Norethindrone Acetate-Ethinyl Estradiol-Fe
Norgestimate-Eth Estradiol,Norgestimate-Ethinyl Estradiol
Norgestim-Eth Estrad Triphasic,Norgestimate-Ethinyl Estradiol Triphasic
NovoLIN 70/30,Novolin 70/30
NovoLIN 70/30 Innolet,Novolin 70/30 Innolet
NovoLIN 70/30 PenFill,Novolin 70/30 PenFill
NovoLIN 70/30 ReliOn,Novolin 70/30 ReliOn
NovoLIN N,Novolin N
NovoLIN N Innolet,Novolin N Innolet
NovoLIN N PenFill,Novolin N PenFill
NovoLIN N ReliOn,Novolin N ReliOn
NovoLIN R,Novolin R
NovoLIN R InnoLet,Novolin R InnoLet
NovoLIN R PenFill,Novolin R PenFill
NovoLIN R ReliOn,Novolin R ReliOn
NovoLOG,NovoLog
NovoLOG FlexPen,NovoLog FlexPen
NovoLOG Mix 70/30,NovoLog Mix 70/30
NovoLOG Mix 70/30 FlexPen,NovoLog Mix 70/30 FlexPen
NovoLOG PenFill,NovoLog PenFill
Nulytely with Flavor Packs,NuLYTELY with Flavor Packs
OLANZapine,Olanzapine
OLANZapine-FLUoxetine HCl,Olanzapine-Fluoxetine HCl
Onmel,ONMEL
Oralair,Oralair 300IR
OXcarbazepine,Oxcarbazepine
OxyCODONE HCl,Oxycodone HCl
OxyCODONE HCl ER,Oxycodone HCl ER
Oxycodone-Acetaminophen,Oxycodone-Acetaminophen
Oxycodone-Aspirin,Oxycodone-Aspirin
Oxycodone-Ibuprofen,Oxycodone-Ibuprofen
OxyCONTIN,OxyContin
Oxymorphone HCl,Oxymorphone HCl ER
oxyMORphone HCl ER,Oxymorphone HCl ER
PACLitaxel,Paclitaxel
PARoxetine HCl,Paroxetine HCl
PARoxetine HCl ER,Paroxetine HCl ER
PARoxetine Mesylate,Paroxetine Mesylate
penicillAMINE,Penicillamine
Penicillin G Pot in Dextrose,Penicillin G Potassium in Dextrose
Pentam,PENTAM 300
PENTobarbital Sodium,Pentobarbital Sodium
PHENobarbital,Phenobarbital
PHENobarbital Sodium,Phenobarbital Sodium
Pioglitazone HCl-Metformin HCl,Pioglitazone HCl-Metformin HCl
Potassium Chloride Crys CR,Potassium Chloride CR
Potassium Chloride Crys ER,Potassium Chloride CR
PrednisoLONE,Prednisolone
PrednisoLONE Acetate,Prednisolone Acetate
PrednisoLONE Acetate P-F,Prednisolone Acetate P-F
PrednisoLONE Anhydrous,Prednisolone Anhydrous
PrednisoLONE Sodium Phosphate,Prednisolone Sodium Phosphate
Prednisolone-Bromfenac,Prednisolone-Bromfenac
prednisoLONE-Gatifloxacin,Prednisolone-Gatifloxacin
prednisoLONE-Moxifloxacin,Prednisolone-Moxifloxacin
PredniSONE,Prednisone
PredniSONE (Pak),Prednisone (Pak)
PredniSONE Intensol,Prednisone Intensol
PriLOSEC,Prilosec
PriLOSEC OTC,Prilosec OTC
Colchicine-Probenecid,Probenecid-Colchicine
PROzac,Prozac
PROzac Weekly,Prozac Weekly
Prudoxin,PRUDOXIN
QUEtiapine Fumarate,Quetiapine Fumarate
QUEtiapine Fumarate ER,Quetiapine Fumarate ER
Quflora FE,Quflora Fe
Quflora FE Pediatric,Quflora Fe Pediatric
Quinapril-Hydrochlorothiazide,Quinapril-Hydrochlorothiazide
quiNIDine Gluconate,Quinidine Gluconate
QuiNIDine Gluconate ER,Quinidine Gluconate ER
QuiNIDine Sulfate,Quinidine Sulfate
QuiNIDine Sulfate Dihydrate,Quinidine Sulfate Dihydrate
QuiNIDine Sulfate ER,Quinidine Sulfate ER
QuiNINE HCl Dihydrate,Quinine HCl Dihydrate
QuiNINE Sulfate,Quinine Sulfate
QuiNINE Sulfate Dihydrate,Quinine Sulfate Dihydrate
Qvar,QVAR
Qvar RediHaler,QVAR RediHaler
RABEprazole Sodium,Rabeprazole Sodium
RaNITidine HCl,Ranitidine HCl
Ravicti,RAVICTI
ReadySharp Methylprednisolone,ReadySharp Methylprednisolone
Repaglinide-metFORMIN HCl,Repaglinide-Metformin HCl
RifAMPin+SyrSpend SF PH4,Rifampin+SyrSpend SF PH4
riMANTAdine HCl,Rimantadine HCl
RisperDAL,Risperdal
RisperDAL Consta,Risperdal Consta
RisperDAL M-TAB,Risperdal M-TAB
RisperiDONE,Risperidone
risperiDONE M-TAB,Risperidone M-TAB
RomiDEPsin,Romidepsin
ROPINIRole HCl,Ropinirole HCl
ROPINIRole HCl ER,Ropinirole HCl ER
SandIMMUNE,Sandimmune
SandoSTATIN,Sandostatin
SandoSTATIN LAR Depot,Sandostatin LAR Depot
SEROquel,Seroquel
SEROquel XR,Seroquel XR
SfRowasa,sfRowasa
Sleep Aid (DiphenhydrAMINE),Sleep Aid (Diphenhydramine)
Sodium Aluminum Phos Tetrahyd,Sodium Aluminum Phosphate Tetrahydrate
Sodium Ascorbyl Phos Dihydrate,Sodium Ascorbyl Phosphate Dihydrate
Solu-CORTEF,Solu-Cortef
SOLU-medrol,Solu-Medrol
Spravato (56 MG Dose),Spravato (56MG Dose)
Spravato (84 MG Dose),Spravato (84MG Dose)
SUFentanil Citrate,Sufentanil Citrate
Sulfacetamide-Prednisolone,Sulfacetamide-Prednisolone
SulfADIAZINE,Sulfadiazine
SulfADIAZINE Sodium,Sulfadiazine Sodium
SulfaSALAzine,Sulfasalazine
SUMAtriptan,Sumatriptan
SUMAtriptan Succinate,Sumatriptan Succinate
SUMAtriptan Succinate Refill,Sumatriptan Succinate Refill
TargaDOX,TARGADOX
Tarina FE 1/20,Tarina Fe 1/20
Tarina FE 1/20 EQ,Tarina Fe 1/20 EQ
TEGretol,Tegretol
TEGretol XR,Tegretol XR
TEGretol-XR,Tegretol XR
TiaGABine HCl,Tiagabine HCl
tiZANidine HCl,Tizanidine HCl
Tobi,TOBI
Tobi Podhaler,TOBI Podhaler
TobraDex ST,TobraDex ST
TOLAZamide,Tolazamide
TOLBUTamide,Tolbutamide
TraMADol HCl,Tramadol HCl
TraMADol HCl ER,Tramadol HCl ER
TraMADol HCl (Biphasic),Tramadol HCl ER (Biphasic)
TraMADol HCl ER (Biphasic),Tramadol HCl ER (Biphasic)
Transderm-Scop,Transderm-Scop (1.5MG)
Transderm-Scop (1.5 MG),Transderm-Scop (1.5MG)
TraZODone HCl,Trazodone HCl
TriNessa (28),Trinessa (28)
TriNessa Lo,Trinessa Lo
Typhim VI,Typhim Vi
ValACYclovir HCl,Valacyclovir HCl
ValGANciclovir HCl,Valganciclovir HCl
Valsartan-Hydrochlorothiazide,Valsartan-Hydrochlorothiazide
Vaqta,VAQTA
VariZIG,Varizig
VESIcare,Vesicare
VinBLAStine Sulfate,Vinblastine Sulfate
VinCRIStine Sulfate,Vincristine Sulfate
Vitafol FE+,Vitafol Fe+
Vpriv,VPRIV
Wymzya Fe,WYMZYA Fe
YF-VAX,YF-Vax
Zenchent FE,Zenchent Fe
ZOLMitriptan,Zolmitriptan
ZyPREXA,Zyprexa
ZyPREXA Relprevv,Zyprexa Relprevv
ZyPREXA Zydis,Zyprexa Zydis
ZyrTEC,Zyrtec
ZyrTEC Allergy,Zyrtec Allergy
ZyrTEC Allergy Childrens,Zyrtec Allergy Childrens
ZyrTEC Childrens Allergy,Zyrtec Childrens Allergy
ZyrTEC Childrens Hives Relief,Zyrtec Childrens Hives Relief
ZyrTEC Hives Relief,Zyrtec Hives Relief
ZyrTEC Itchy Eye,Zyrtec Itchy Eye
ZyrTEC-D Allergy & Congestion,Zyrtec-D Allergy & Congestion